year;keywords;doi
2020;Drones, human-drone interaction, movement, soma design, somaesthetics, Somaesthetic Appreciation, Tai Chi;https://doi.org/10.1145/3313831.3376786
2020;Games, Gamification, Motivation, Play, Player Experience, Self-Determination Theory, Theory;https://doi.org/10.1145/3313831.3376723
2020;Personas, analytics systems, mixed methods;https://doi.org/10.1145/3313831.3376770
2020;Pervasive displays, human-robot interaction, physicalised displays, urban robotic displays, urban media, urban probe, design;https://doi.org/10.1145/3313831.3376676
2020;Oral health, Mobile health, Artificial intelligence, Deep learning;https://doi.org/10.1145/3313831.3376238
2020;HCI and Sports, Data Literacy, Personal Informatics;https://doi.org/10.1145/3313831.3376153
2020;Autonomous vehicles, external communication, inclusive design research, vulnerable road users, accessibility;https://doi.org/10.1145/3313831.3376472
2020;Performance, reconfiguration, feminist HCI, finsta;https://doi.org/10.1145/3313831.3376424
2020;AAC, accessibility, agency, cerebral palsy, conversation;https://doi.org/10.1145/3313831.3376376
2020;Multimodal interaction, data visualization, tablet devices, pen, touch, speech;https://doi.org/10.1145/3313831.3376782
2020;Explainable AI, human-AI interaction, User experience;https://doi.org/10.1145/3313831.3376590
2020;Conversational agents, Accessibility, People with vision impairments, Speech rate;https://doi.org/10.1145/3313831.3376569
2020;Wikipedia, Peer Production, Value Sensitive Algorithm Design, Machine Learning, ORES, Community Values;https://doi.org/10.1145/3313831.3376783
2020;Intimate platforms, Document Theory, Political economy;https://doi.org/10.1145/3313831.3376850
2020;Computer Assisted Language Learning (CALL), Speaking, Shadowing, Speech Recognition, Intelligent Tutoring System;https://doi.org/10.1145/3313831.3376322
2020;Haptics, pneumatic actuation, wearables, closed-loop haptic rendering, vibration, compression, skin stretch, multimodal haptic display;https://doi.org/10.1145/3313831.3376333
2020;Political hashtags, civil discourse, online social movements, social media news, digital journalism, control experiment;https://doi.org/10.1145/3313831.3376542
2020;Information visualization, deceptive visualization, visualization testing;https://doi.org/10.1145/3313831.3376420
2020;Information visualization, Deceptive Visualization;https://doi.org/10.1145/3313831.3376222
2020;Big 5, conversational agents, personality;https://doi.org/10.1145/3313831.3376210
2020;Whispering, voice assistants, design fiction, research through design, voice interaction, experiential qualities;https://doi.org/10.1145/3313831.3376187
2020;Haptics, Digital Pen, Balance Shifting Feedback, Sensation of Weight;https://doi.org/10.1145/3313831.3376505
2020;haptics, embodiment illusion, embodied avatar, Finger Walking;https://doi.org/10.1145/3313831.3376292
2020;Online Healthcare Services, Ask the Doctor Services, AtD, Healthcare Navigation, Healthcare Engagement, Patient Agency;https://doi.org/10.1145/3313831.3376699
2020;Customization, privacy concern, power usage, security, smart speaker(s), voice assistant(s);https://doi.org/10.1145/3313831.3376551
2020;Assets-based, Capacities, Culture, Participatory Design, Immigrant Parents;https://doi.org/10.1145/3313831.3376329
2020;human-centered AI, health, deep learning, diabetes;https://doi.org/10.1145/3313831.3376718
2020;hyper-personalization, targeted advertising, creepy, user study;https://doi.org/10.1145/3313831.3376415
2020;Mobile augmented reality, co-located collaboration;https://doi.org/10.1145/3313831.3376541
2020;Design Memoirs, Design Research, Design Fiction, Autobiographical Design, Methodology, Motherhood;https://doi.org/10.1145/3313831.3376345
2020;Refugees, Mental Health Technology, Resilience, Care;https://doi.org/10.1145/3313831.3376458
2020;Social comparison, Facebook, envy, social media, well-being;https://doi.org/10.1145/3313831.3376482
2020;Disability, design, making, vision impairments, materiality;https://doi.org/10.1145/3313831.3376477
2020;Family Communication, Domestic, Audio, Asynchronous Communication, Slow Technology;https://doi.org/10.1145/3313831.3376486
2020;Anti-ELAB, leaderless social movement, ethnography, Hong Kong;https://doi.org/10.1145/3313831.3376634
2020;Self-avatar, Presence, Body Ownership;https://doi.org/10.1145/3313831.3376562
2020;Uncertainty visualization, effect size, judgment and decision making, confidence interval, prediction interval;https://doi.org/10.1145/3313831.3376454
2020;Screen reader, Twitter, social media, accessibility;https://doi.org/10.1145/3313831.3376728
2020;HCI education, User-centered design, Reflection;https://doi.org/10.1145/3313831.3376530
2020;Values, value elicitation, VSD, scenarios, cards, user research, method, Saudi Arabia;https://doi.org/10.1145/3313831.3376608
2020;Online education, adaptive learning, reinforcement learning;https://doi.org/10.1145/3313831.3376518
2020;Virtual reality, white cane, blindness, visual impairments, haptic feedback, auditory feedback, mobility, 3D audio;https://doi.org/10.1145/3313831.3376353
2020;User experience, artificial intelligence, sketching, prototyping;https://doi.org/10.1145/3313831.3376301
2020;Automatic class discovery, Acoustic activity recognition;https://doi.org/10.1145/3313831.3376875
2020;ethics, soma design, somaesthetics, movement, drones;https://doi.org/10.1145/3313831.3376678
2020;Social nudges, adolescent SNS users, online privacy and safety, large-scale survey;https://doi.org/10.1145/3313831.3376666
2020;Skin stretch, multidimensional haptics, haptic devices, handheld haptics, wearable haptics;https://doi.org/10.1145/3313831.3376512
2020;Grammar of Graphics, Uncertainty visualization;https://doi.org/10.1145/3313831.3376466
2020;non-disclosure, disclosure, prefer not to say, structured disclosure fields, online dating, privacy, privacy unraveling, online privacy;https://doi.org/10.1145/3313831.3376150
2020;Artist Residencies, Feminist HCI, Collaboration Models, Electrodes, Weaving, Smart Textiles;https://doi.org/10.1145/3313831.3376820
2020;collaboration, collaborative learning, collaborative technologies, CCI, systematic literature review, special need;https://doi.org/10.1145/3313831.3376291
2020;Privacy theory, feminist intersectional theory, queer theory;https://doi.org/10.1145/3313831.3376167
2020;Voice user interface, facial expression, conversation interruption;https://doi.org/10.1145/3313831.3376810
2020;Privacy, policy, user preferences, privacy concerns;https://doi.org/10.1145/3313831.3376575
2020;programming, notation, culture, materiality, infrastructure;https://doi.org/10.1145/3313831.3376731
2020;Eye tracking, gaze input, gaze-responsive display, multimedia, video captions;https://doi.org/10.1145/3313831.3376266
2020;Gender Bias, Gender Stereotypes, Machine Learning, Natural Language Processing, Lexicon;https://doi.org/10.1145/3313831.3376488
2020;interpretability, machine learning, user-centric evaluation;https://doi.org/10.1145/3313831.3376219
2020;HCI4D, ICT4D, advertisement, under-connected, Interactive Voice Response, IVR, Pakistan, low-literate, mobile phone, flyers, banners, TV, television, radio, social media, robocalls;https://doi.org/10.1145/3313831.3376683
2020;Child Welfare System, Algorithmic Decision-Making, Human-centered Algorithm Design;https://doi.org/10.1145/3313831.3376229
2020;AI literacy, AI education, AI for K-12, artificial intelligence, machine learning, computing education;https://doi.org/10.1145/3313831.3376727
2020;Tangible user interfaces, pressure-sensitive touch surfaces, pneumatic actuation, reconfigurable physical controls;https://doi.org/10.1145/3313831.3376838
2020;Robotic device, Motor skill, Motion sensing, Human augmentation, Human-machine mutual actuation;https://doi.org/10.1145/3313831.3376705
2020;Situational Awareness, Human-CPS interactions, Unmanned Aerial Vehicles, Emergency Response, Participatory design;https://doi.org/10.1145/3313831.3376825
2020;decision-making, human behavior, simulation, agent-based model, gamette, supply chain, beer game;https://doi.org/10.1145/3313831.3376571
2020;Online Harassment, Twitter, User Behavior, Political Candidates;https://doi.org/10.1145/3313831.3376548
2020;Research methods, social acceptability, literature analysis;https://doi.org/10.1145/3313831.3376162
2020;Protocological power, psychological ownership, normative affordances, Spotify, music streaming, critical computing;https://doi.org/10.1145/3313831.3376308
2020;Crowdsourcing, mHealth, Health Promotion, Participatory Design, Faith-based communities, African-American;https://doi.org/10.1145/3313831.3376833
2020;Programming tutorials, literate programming, authoring, code evolution, consistency, code editors;https://doi.org/10.1145/3313831.3376798
2020;Social Media, Instagram, Personality, Self-Presentation, Self-Perception, Traits, Affordances, Finsta, Rinsta;https://doi.org/10.1145/3313831.3376182
2020;Dementia, Intergenerational Engagement, Co-Design, Experience-centered design;https://doi.org/10.1145/3313831.3376161
2020;mobile system, ‘in-the-wild’ evaluation, nursing care;https://doi.org/10.1145/3313831.3376851
2020;educational applications, pedagogical systems, argumentation learning, adaptive learning;https://doi.org/10.1145/3313831.3376732
2020;Peer to peer energy trading platforms, semi-structured interview, sustainability, thematic analysis;https://doi.org/10.1145/3313831.3376135
2020;Autonomous Vehicles, Automated Emergency Braking, Human Machine Interaction, Simulation, Controlled Experiment;https://doi.org/10.1145/3313831.3376300
2020;Autonomous vehicles, Transition of control, Notifications, Decision-making, Driver preferences, Online study;https://doi.org/10.1145/3313831.3376644
2020;Tangible User Interfaces, Universal Design, Accessibility, Circuit Prototyping, Education Tools;https://doi.org/10.1145/3313831.3376513
2020;Electrocardiogram, ECG, biometrics, field study;https://doi.org/10.1145/3313831.3376536
2020;3D Printing, Spraying, Display, Electroluminescence, Rapid Prototyping, Fabrication;https://doi.org/10.1145/3313831.3376543
2020;esports, toxicity, interview study, competitive games;https://doi.org/10.1145/3313831.3376191
2020;Conceptual Diagramming, Diagram Authoring, Information Visualization;https://doi.org/10.1145/3313831.3376253
2020;Privacy, Security, Interviews, Qualitative Methods, Social Cybersecurity, Groups;https://doi.org/10.1145/3313831.3376605
2020;Skin-stroke display, air jet, eye-ring, head-mounted display, virtual reality, haptics;https://doi.org/10.1145/3313831.3376700
2020;Information Security Awareness, Social Engineering, Human Factors, Mobile Devices;https://doi.org/10.1145/3313831.3376385
2020;Aphasia, tangible user interfaces, creativity, content creation, accessibility, multimedia, co-design, creativity support;https://doi.org/10.1145/3313831.3376490
2020;Visual game analytics, playtesting, information visualization, gaze, emotions, movement analysis;https://doi.org/10.1145/3313831.3376401
2020;Computational notebooks, challenges, data science, interviews, pain points, survey;https://doi.org/10.1145/3313831.3376729
2020;consent, ethics, video games, design, critical approaches, sexuality, queerness;https://doi.org/10.1145/3313831.3376827
2020;Aphasia, tangible user interfaces, creativity, content creation, accessibility, multimedia, co-design, creativity support;https://doi.org/10.1145/3313831.3376510
2020;Industrial Augmented Reality, Projection-based Augmented Reality, Assembly, Training, Assistive System, Empirical Study, Experiment;https://doi.org/10.1145/3313831.3376720
2020;ShArc, Sensor, Bend, Multi-Bend, Shape, Capacitive;https://doi.org/10.1145/3313831.3376269
2020;Click model, pointing, intermittent control, cue integration, temporal pointing, internal clock;https://doi.org/10.1145/3313831.3376725
2020;Eye tracking, Gaze Interaction, Security, Privacy, Survey;https://doi.org/10.1145/3313831.3376740
2020;Shared smart speaker, Security and Privacy concerns, Mitigation strategies;https://doi.org/10.1145/3313831.3376529
2020;Eye tracking, Gaze Interaction, Security, Privacy, Survey;https://doi.org/10.1145/3313831.3376840
2020;user behavior, usable security and privacy, risk perception, security and privacy decision-making, adoption, abandonment, technology non-use;https://doi.org/10.1145/3313831.3376570
2020;AAC, developmental disability, assistive technology, caregiver collaboration, accessibility;https://doi.org/10.1145/3313831.3376154
2020;Magnet, tactile, haptic, rapid prototyping, DIY, fabrication;https://doi.org/10.1145/3313831.3376552
2020;Virtual Reality, pen input, finger and wrist dexterity, grip postures, handheld controller, spatial target selection;https://doi.org/10.1145/3313831.3376698
2020;Modeling, Simulation, Virtual Prototyping, Ultrasonic Levitation, VR;https://doi.org/10.1145/3313831.3376409
2020;food literacy, situated app, gameful design, grocery shopping, nutrition, healthy eating;https://doi.org/10.1145/3313831.3376801
2020;digital security, Greenland, indigenous identity, women empowerment;https://doi.org/10.1145/3313831.3376763
2020;Haptic, Vibrotactile, Anxiety, Affect Regulation, Affect, Respiration, Slow-paced breathing, Pacer, Wearable, Linear Mixed Model, XGBoost, Shapley Values, Machine Learning;https://doi.org/10.1145/3313831.3376757
2020;Affective Computing, Physiology, Interactive Fiction, Storytelling, Taxonomy, Physiological Computing;https://doi.org/10.1145/3313831.3376643
2020;Wearable, microphone, jamming, privacy, ultrasound;https://doi.org/10.1145/3313831.3376304
2020;Conversational agents, Human evaluation, Anchoring bias, Experiment design;https://doi.org/10.1145/3313831.3376318
2020;Image Sharing, Social Media, Global South, Architecture;https://doi.org/10.1145/3313831.3376572
2020;Haptics, User Experience, Design, Vibrotactile, Scale Development;https://doi.org/10.1145/3313831.3376280
2020;Ethnography, chat apps, nurse-patient communication, peer support, WeChat, healthcare;https://doi.org/10.1145/3313831.3376274
2020;Assistive Technology, Visual Impairments, Literature Review, Evaluation Methods, Experiments, Education;https://doi.org/10.1145/3313831.3376749
2020;Swarm Robot Control, Multi-robot Control, Swarm Robotics, Swarm User Interface, Elicitation study;https://doi.org/10.1145/3313831.3376814
2020;diversity, teams, team formation, social recommenders, mixed-effect logistic regressions;https://doi.org/10.1145/3313831.3376654
2020;Text editing, Document processing, Reification;https://doi.org/10.1145/3313831.3376804
2020;HCI, memory, culture, house design, 2D sketching, immigrants, ICTD;https://doi.org/10.1145/3313831.3376636
2020;Haptics, force-feedback, sketching, stylus interaction, computer aided drawing, shared control drawing;https://doi.org/10.1145/3313831.3376134
2020;interaction techniques, ergonomics, input re-mapping;https://doi.org/10.1145/3313831.3376687
2020;Motive disposition theory, digital games, player types, explicit motives, power motive, player preferences;https://doi.org/10.1145/3313831.3376193
2020;Dementia, psychosocial informal interventions, wall-sized displays, stimulation, memory technologies, reminiscing;https://doi.org/10.1145/3313831.3376361
2020;Soma design, Sensory Misalignment, Bodily Sensation;https://doi.org/10.1145/3313831.3376812
2020;Augmented Reality, Language Learning, Grammar, Contextual Learning, Self-Directed Learning;https://doi.org/10.1145/3313831.3376537
2020;Crossing-based Selection, Moving Target Selection, Endpoint Distribution, Error Rate;https://doi.org/10.1145/3313831.3376336
2020;E-Textile, Wearable UI, Fabrication, Prototyping, Iron-on;https://doi.org/10.1145/3313831.3376220
2019;Embodied Interaction, Egocentric Experience, Body Representation, Wearable Device, Virtual Reality;https://doi.org/10.1145/3290605.3300926
2019;360° video, Spatial Audio, Cinematic Virtual Reality, Orientation, Virtual Audio Spaces;https://doi.org/10.1145/3290605.3300925
2019;Swarm Haptics, Human-Robot Interaction, Ubiquitous Robotic Interfaces, Swarm User Interface, Haptics;https://doi.org/10.1145/3290605.3300918
2019;Cognitive aid, Cardiac arrest, Cardiopulmonary resuscitation, Embodied cognition, Non-technical performance, Simulation;https://doi.org/10.1145/3290605.3300884
2019;Justice, sex work, violence prevention;https://doi.org/10.1145/3290605.3300882
2019;Co-created personas, co-design, aphasia, dementia, Parkinson's disease, vulnerable users, healthcare, design;https://doi.org/10.1145/3290605.3300880
2019;movement-based interaction, intercorporeality;https://doi.org/10.1145/3290605.3300847
2019;emotion work, experience-centred design, design research;https://doi.org/10.1145/3290605.3300832
2019;Independent mobility, walking bus, children, parents, privacy, surveillance, trust;https://doi.org/10.1145/3290605.3300827
2019;Graphical user interfaces, indirect pointing, delay, menu design, steering law;https://doi.org/10.1145/3290605.3300800
2019;Virtual Reality (VR), Embodied Avatars, Implict Gender Bias, Implicit Association Test (IAT);https://doi.org/10.1145/3290605.3300787
2019;Level design, optimization, exergaming, generative design;https://doi.org/10.1145/3290605.3300784
2019;Augmented reality, conceptual framework, expert interviews, literature review, mixed reality, taxonomy, virtual reality;https://doi.org/10.1145/3290605.3300767
2019;Fitts’ Law, user interfaces, gaze input, eye movements, gaze selection, saccades;https://doi.org/10.1145/3290605.3300765
2019;Fish tank virtual reality, spherical display, 3D perception;https://doi.org/10.1145/3290605.3300763
2019;Designer web tools, Inspector tools, Web development;https://doi.org/10.1145/3290605.3300758
2019;accuracy, controllability, automation, controlled experiment;https://doi.org/10.1145/3290605.3300750
2019;Visually Impaired, Text Entry, Smartphone, Auto-correction;https://doi.org/10.1145/3290605.3300747
2019;Automated Vehicles, Trolley Problem, Dilemma, Ethics;https://doi.org/10.1145/3290605.3300739
2019;Virtual Reality, nonfiction, immersive media, interaction;https://doi.org/10.1145/3290605.3300736
2019;electronics, embedded systems, remote debugging;https://doi.org/10.1145/3290605.3300728
2019;Computer science education, tangible user interfaces, audio interfaces, storytelling, cross-ability collaboration;https://doi.org/10.1145/3290605.3300722
2019;Video, Comment, Reference, Timestamp, YouTube, Engagement;https://doi.org/10.1145/3290605.3300719
2019;Tactile Display, Shape Memory Alloys, Shape-Changing, Fabrication, On-Body Interaction, Wearable Computing;https://doi.org/10.1145/3290605.3300718
2019;Infrastructure, HCID, crafts, songket, cultural heritage, gender;https://doi.org/10.1145/3290605.3300716
2019;Human Factors, Foot Interaction, HMD, User Study;https://doi.org/10.1145/3290605.3300707
2019;Working Musicians, Design Ethnography, Artifact Ecology, Encumbered Interaction, Embodied Interaction, Augmented Instruments;https://doi.org/10.1145/3290605.3300706
2019;Conversational Agents, Speech HCI, Spoken Dialogue Systems, Voice User Interface Design, Interviews;https://doi.org/10.1145/3290605.3300705
2019;Photo composition, user preference modeling, interactive feedback, deep learning;https://doi.org/10.1145/3290605.3300701
2019;Anonymization, methodology, research reporting, privacy, data sharing, meta-HCI;https://doi.org/10.1145/3290605.3300692
2019;Healthcare infrastructure, infrastructuring work, patients and caregivers, patient work, new parents, healthcare consumers;https://doi.org/10.1145/3290605.3300688
2019;search engines, news curation, news diversity, algorithm audit;https://doi.org/10.1145/3290605.3300683
2019;Intergenerational mentorship, intergenerational communication, children, older adults, mentoring, tutoring, community;https://doi.org/10.1145/3290605.3300679
2019;Embodiment, Tool Embodiment, Embodied Interaction, Virtual Reality, Ready-to-hand, Unready-to-hand, Tools;https://doi.org/10.1145/3290605.3300673
2019;Reminiscence, Personal Digital Photography, Location-Based Systems;https://doi.org/10.1145/3290605.3300665
2019;Organizational security, security managers;https://doi.org/10.1145/3290605.3300663
2019;Online learning community, Shared identity, Connection strategies, Distance learning;https://doi.org/10.1145/3290605.3300662
2019;Qualitative Research, Acceptability, Mobile Health, Mental Health, Mental Wellbeing, Lived Informatics, Sensors;https://doi.org/10.1145/3290605.3300655
2019;Subtle interaction, subtle, interaction, quality, review, survey;https://doi.org/10.1145/3290605.3300648
2019;Machine Learning, Children, Learning System, Construction kits, Design principles;https://doi.org/10.1145/3290605.3300645
2019;Self-Driving Cars, Value of Time, Car Interior Design, Co-Design, Design-Fiction ;https://doi.org/10.1145/3290605.3300635
2019;Dementia, Person-centered Care, Media and Technology, Experience-centered Design;https://doi.org/10.1145/3290605.3300634
2019;Circuit design, breadboard, autocomplete;https://doi.org/10.1145/3290605.3300633
2019;Multimorbidity, Self-management, Older adults, Digital health;https://doi.org/10.1145/3290605.3300629
2019;evaluation, sustainability, sustainable HCI, interaction design, digital service;https://doi.org/10.1145/3290605.3300627
2019;Distributed Energy, Blockchain, Theatre, Performance, Improvisation, Speculative Design, Critical Design, Deliberation;https://doi.org/10.1145/3290605.3300617
2019;Constrained creativity, accessibility, content creation, aphasia, creative writing, poetry, creativity, speech impairments;https://doi.org/10.1145/3290605.3300615
2019;Epidermal devices, skin interfaces, on-body interaction, haptics, tactile perception, psychophysics, materials;https://doi.org/10.1145/3290605.3300610
2019;Hierarchy, Recommendation, Predictive Model, Modifiable;https://doi.org/10.1145/3290605.3300598
2019;Map interaction, look-from camera control, touch, terrain;https://doi.org/10.1145/3290605.3300594
2019;Quadcopter, Drone, UAV, Encountered-Type, Human-Drone Interaction, Robotic Graphics, Haptics, Virtual Reality;https://doi.org/10.1145/3290605.3300589
2019;multi-touch, programming, software development, frameworks;https://doi.org/10.1145/3290605.3300585
2019;Home, Internet of Things, non-stereotypical, bespoke, domestic technology, smart home, research-through-design;https://doi.org/10.1145/3290605.3300581
2019;Cybersecurity, digital literacy, information seeking, older adults, social aspects of security;https://doi.org/10.1145/3290605.3300579
2019;Smart textiles, computer-aided design, weaving;https://doi.org/10.1145/3290605.3300575
2019;Social Roles, Social Support, Online Health Communities;https://doi.org/10.1145/3290605.3300574
2019;Intraoral Interface, Hands-free, Input Device, Interaction Modality, Discreet Interaction, Reflexive Interaction;https://doi.org/10.1145/3290605.3300556
2019;Sustainable HCI, farming, posthumanism, Anthropocene, assemblages, noticing differently, companion species;https://doi.org/10.1145/3290605.3300547
2019;crowdsourcing, volunteering, controlled experiments;https://doi.org/10.1145/3290605.3300541
2019;contextual search, video tutorials, cross-application;https://doi.org/10.1145/3290605.3300527
2019;Disability, Inclusion, Autism, Communication, Social Interaction, Virtual Worlds, Social Media, Embodied Experience;https://doi.org/10.1145/3290605.3300518
2019;Smart cities, Internet of Things, sustainable HCI, right to the city, urban agriculture, hybrid cities, spatial autogestion, civic IoT, Anthropocene;https://doi.org/10.1145/3290605.3300517
2019;Audience, Augmented reality, Honeypot effect, Public space;https://doi.org/10.1145/3290605.3300515
2019;Machine learning, trust, human-subject experiments;https://doi.org/10.1145/3290605.3300509
2019;Seamful and seamless design, infrastructure, ubiquitous computing, temporality;https://doi.org/10.1145/3290605.3300508
2019;Biosensing, Hand Input, Hand Gesture, Face Gesture, Acoustic Interferometry, Acoustic, Interaction Techniques, Wearables;https://doi.org/10.1145/3290605.3300506
2019;Sports data visualization, storytelling, user interface;https://doi.org/10.1145/3290605.3300499
2019;Mental illness, small stories research, social media, Instagram, social control;https://doi.org/10.1145/3290605.3300495
2019;data science education, teaching programming;https://doi.org/10.1145/3290605.3300493
2019;privacy by design, design approaches, design research;https://doi.org/10.1145/3290605.3300492
2019;social network analysis, influence, games-as-services, live games, online communities;https://doi.org/10.1145/3290605.3300489
2019;texture perception, passive haptic feedback, 3D printing;https://doi.org/10.1145/3290605.3300479
2019;affective disorders, literature review, innovation, clinical trials, ethical issues;https://doi.org/10.1145/3290605.3300475
2019;swimming, hci for sports, orientation, navigation;https://doi.org/10.1145/3290605.3300467
2019;Robots, everyday materials, interaction, emergent users;https://doi.org/10.1145/3290605.3300456
2019;Crisis and Disaster Management, Community Engagement, Volunteers, Technology Support, Qualitative Study;https://doi.org/10.1145/3290605.3300448
2019;Accessibility, digital accessibility, web accessibility;https://doi.org/10.1145/3290605.3300446
2019;Mixed Reality, Virtual Reality, Remote collaboration, 360 panorama, 3D scene reconstruction, interaction methods;https://doi.org/10.1145/3290605.3300431
2019;interaction techniques, controlled experiments;https://doi.org/10.1145/3290605.3300426
2019;Electrodermal Activity, Smartphone Notifications, Physiological Interaction;https://doi.org/10.1145/3290605.3300420
2019;Information Visualization, Visual Analytics, Ethics;https://doi.org/10.1145/3290605.3300418
2019;User Experience, Artificial Intelligence, Writing Assistance, Natural Language Processing;https://doi.org/10.1145/3290605.3300415
2019;Games/Play, Children, Programming, Outdoor play;https://doi.org/10.1145/3290605.3300394
2019;BCI, Film, Interactive Cinema, EEG, Control;https://doi.org/10.1145/3290605.3300378
2019;silent speech, ultrasonic imaging, deep neural networks, human-AI integration;https://doi.org/10.1145/3290605.3300376
2019;Security Developer Study, Developer Password Study, Field Study, Usable Security and Privacy;https://doi.org/10.1145/3290605.3300370
2019;Self-disclosure, stigma, social support, social media, pregnancy loss, miscarriage, reproductive health, mental health, network-level reciprocal disclosure, reciprocal disclosure;https://doi.org/10.1145/3290605.3300367
2019;Attention, self-control, self-regulation, distraction, ICT non-use, addiction, focus, interruptions;https://doi.org/10.1145/3290605.3300361
2019;Online health communities, sensemaking, enigmatic disease, vulvodynia, self-tracking;https://doi.org/10.1145/3290605.3300359
2019;Embodied Interaction, Programmable Materials, Electroactive Polymers, Active Materials, Smart Material Interfaces, Shape-Changing Interfaces;https://doi.org/10.1145/3290605.3300355
2019;Domestic Violence, Public Service Mapping, Civic Technology, Design Approaches;https://doi.org/10.1145/3290605.3300352
2019;Personal health informatics, diabetes management, context-awareness, mobile health, chronic disease, just-in-time interventions;https://doi.org/10.1145/3290605.3300349
2019;Internet, healthcare, India, qualitative, HCI4D, ICTD;https://doi.org/10.1145/3290605.3300329
2019;Qualitative Methods, Online Communities, Ethics, Care, Feminism, Gender;https://doi.org/10.1145/3290605.3300327
2019;Collaboration, Games/Play, Empirical study that tells us about people;https://doi.org/10.1145/3290605.3300325
2019;Reflection-in-action, periphery of attention, teacher, reflective practitioner, distributed cognition, ambient information system;https://doi.org/10.1145/3290605.3300321
2019;Conversational interfaces, audience effects, chatbot design;https://doi.org/10.1145/3290605.3300320
2019;Qualitative studies, Research impact, Think tanks, Public policy;https://doi.org/10.1145/3290605.3300314
2019;ethics, values, value discovery, ethicography;https://doi.org/10.1145/3290605.3300307
2019;Learning-at-scale, situated learning, micro-role hierarchies;https://doi.org/10.1145/3290605.3300304
2019;pictorial scale, consumer product, perceived usability, mobile device evaluation;https://doi.org/10.1145/3290605.3300299
2019;spatial reasoning, cognitive training, gender, video games, emotions, motivation;https://doi.org/10.1145/3290605.3300296
2019;Sports Analytics, Sports Tracking, Baseball, Hand Annotation;https://doi.org/10.1145/3290605.3300293
2019;Hackathons, Maternal Health, Breastfeeding, Participatory Design, feminist HCI, intersectional HCI, Equity;https://doi.org/10.1145/3290605.3300291
2019;tablets, sensing, grip, posture, electric field sensing, pen + touch;https://doi.org/10.1145/3290605.3300285
2019;Smart cities, Urban informatics, Placemaking;https://doi.org/10.1145/3290605.3300274
2019;Digital pen, ink, visualization, active reading;https://doi.org/10.1145/3290605.3300272
2019;Algorithmic Accountability, Algorithmic Bias, Child Welfare Services, Decision-Support, Automated Decision Systems, Participatory Design;https://doi.org/10.1145/3290605.3300271
2019;Self-disclosure, Channel Difference, Social Support, Online Health Support Groups, Online Communities;https://doi.org/10.1145/3290605.3300261
2019;Accessibility, Vision Impairment, Smartphone, One-handed Interaction, EarTouch, Capacitive Sensing;https://doi.org/10.1145/3290605.3300254
2019;electronic waste, recycle, tactile experience, ICTD;https://doi.org/10.1145/3290605.3300253
2019;Facebook, Emotional Utility, The Peak–End Rule, Information Addiction;https://doi.org/10.1145/3290605.3300252
2019;Computational interaction, Haptic display, Virtual reality, Shape perception;https://doi.org/10.1145/3290605.3300241
2019;Game design, Symmetric vs asymmetric play, Asymmetric games, Social presence, Games user research, Player experience;https://doi.org/10.1145/3290605.3300239
2019;Human-AI interaction, machine learning, clinical health;https://doi.org/10.1145/3290605.3300234
2019;Human-AI interaction, AI-infused systems, design guidelines;https://doi.org/10.1145/3290605.3300233
2018;Visualization, Health - Clinical, Interaction Design, Visual Design, Artifact or System;https://doi.org/10.1145/3173574.3174237
2018;Force, pressure, bidirectional, rate-based control, value input;https://doi.org/10.1145/3173574.3174235
2018;Mobile video calling, emergency calling, call takers, dispatchers, situation awareness, collaboration;https://doi.org/10.1145/3173574.3174231
2018;Haptic Force Feedback, Shape-changing Interfaces, Affective Computing, Actuated Interfaces;https://doi.org/10.1145/3173574.3174229
2018;information retrieval, algorithm auditing, discrimination;https://doi.org/10.1145/3173574.3174225
2018;Artificial intelligence, human computer collaboration, human-AI interaction;https://doi.org/10.1145/3173574.3174223
2018;Text entry, modern typing behavior, large-scale study;https://doi.org/10.1145/3173574.3174220
2018;Complex media environment, activity theory, complex mediation, information seeking, political opinion, political deliberation;https://doi.org/10.1145/3173574.3174210
2018;Navigation techniques, Design space evaluation, smartwatch input, mobility, encumbrance, zoom, pan, touch input;https://doi.org/10.1145/3173574.3174208
2018;Health, chronic conditions, mHealth, apps, pervasive computing, ubiquitous computing, wearable interaction, quantified self, personal informatics, Internet of Things, digital health;https://doi.org/10.1145/3173574.3174199
2018;Museums, learning, interactive displays, curiosity;https://doi.org/10.1145/3173574.3174197
2018;Coding, Programming, Joint media engagement (JME), English-language learning (ELL) families, Text-free;https://doi.org/10.1145/3173574.3174196
2018;Taxonomy, Shape Resolution, Reconfigurable, Shape-changing, Deformable;https://doi.org/10.1145/3173574.3174193
2018;Accessibility, Programming Environments, Visually Impaired, Audio Debugging;https://doi.org/10.1145/3173574.3174192
2018;interruptibility, field study, biometric sensors, computer interaction;https://doi.org/10.1145/3173574.3174165
2018;Apprenticeship, making, sustainable design, DIY, everyday design, materials, digital fabrication;https://doi.org/10.1145/3173574.3174159
2018;Mobile Phone, Newcomers, Refugees, Security, Freedoms;https://doi.org/10.1145/3173574.3174158
2018;Digital Civics, Community Engagement, Urban Informatics;https://doi.org/10.1145/3173574.3174148
2018;Activity tracking, Behavioral monitoring, Self-reporting, Data collection;https://doi.org/10.1145/3173574.3174128
2018;Accessibility, vision impairment, image captioning, screen readers, alternative text, alt text;https://doi.org/10.1145/3173574.3174092
2018;Dementia, care, virtual reality, augmented reality, creativity, experience, expression;https://doi.org/10.1145/3173574.3174088
2018;Wearable Computing, Role Playing Games, Participatory Design, PnPRPG, Guidelines, Exertion Games, Game Design, Game Research, Tangible Interfaces;https://doi.org/10.1145/3173574.3174087
2018;Conversational programmers, learner-centered design, programming literacy, technical conversations;https://doi.org/10.1145/3173574.3174085
2018;Personal health informatics, cancer survivorship, qualitative research, illness narrative, tattoos;https://doi.org/10.1145/3173574.3174084
2018;Buttons, input devices, neuromechanics, perceptual control, control theory, probabilistic motor control, input engineering;https://doi.org/10.1145/3173574.3174082
2018;Haptics, haptic illusion, asymmetric vibration, compliance, wearable devices;https://doi.org/10.1145/3173574.3174075
2018;phishing, training, stories, security;https://doi.org/10.1145/3173574.3174066
2018;Public Display, Reactive Display, Behaviour Mirroring, Projection, Traces, Social Awareness;https://doi.org/10.1145/3173574.3174061
2018;Virtual Reality, User Experience;https://doi.org/10.1145/3173574.3174057
2018;breastfeeding, breast milk donation, mobile applications, co-design, cultural probes, user-centred design;https://doi.org/10.1145/3173574.3174056
2018;Data-Driven Organizations, Policing, Law Enforcement, Data Practices, Challenges, Metis;https://doi.org/10.1145/3173574.3174043
2018;User experience, UX, evaluation, triangulation, mixed methods, review, meta-analysis;https://doi.org/10.1145/3173574.3174035
2018;Blockchain, Distributed ledger technology, Bitcoin, Trust, Identity, Typology;https://doi.org/10.1145/3173574.3174032
2018;Crowdsourcing, Amazon Mechanical Turk, Hourly wage;https://doi.org/10.1145/3173574.3174023
2018;Touch interaction, Modelling, Performance prediction;https://doi.org/10.1145/3173574.3174019
2018;Spatially augmented reality, immersion, augmented video, large field of view, human vision, video extrapolation;https://doi.org/10.1145/3173574.3174001
2018;Physiological sensing, noninvasive blood pressure, pulse transit time, photoplethysmography, seismocardiography, PTT, PPG, SCG;https://doi.org/10.1145/3173574.3173999
2018;Memory, family, family memory, family stories, storytelling, intergenerational, digital memento;https://doi.org/10.1145/3173574.3173998
2018;Design, craft, research through design, internet of things, connected mirror, sense of self, shopping, facial recognition;https://doi.org/10.1145/3173574.3173997
2018;Clinical text, medical narrative, text visualization, clinical overview, medicine, medical visualization, user study;https://doi.org/10.1145/3173574.3173996
2018;computational glasses, colour vision deficiency, colour blindness, augmented human, augmented reality, vision augmentation, near-eye displays, head-mounted displays;https://doi.org/10.1145/3173574.3173964
2018;Crowdsourcing, video learning, online education, concept map;https://doi.org/10.1145/3173574.3173961
2018;Navigation-based file retrieval, Split adaptive interfaces, Bayesian approach, Mutual information;https://doi.org/10.1145/3173574.3173959
2018;Race, ethnicity, identification, representation, immersion, digital games, racialized experiences, diversity, norms;https://doi.org/10.1145/3173574.3173957
2018;Mass Media, Journalism, Misinformation, News Production, Science Communications, Online Collaboration ;https://doi.org/10.1145/3173574.3173955
2018;Tangible User Interfaces, Education, Spatial Thinking, User Experience and Usability, Knowledge Assessment;https://doi.org/10.1145/3173574.3173954
2018;Shape-changing interfaces, morphing structures, review, material science;https://doi.org/10.1145/3173574.3173948
2018;Remote monitoring, performance management, occupational health, quantified workplace, qualitative study;https://doi.org/10.1145/3173574.3173945
2018;Block-based programming, Industrial robotics interfaces;https://doi.org/10.1145/3173574.3173940
2018;Virtual Reality, Physiological Control, Breathing Actions, Game Design;https://doi.org/10.1145/3173574.3173914
2018;Health, peer support, mental health, behavioral interventions, psychotherapy, peer counseling;https://doi.org/10.1145/3173574.3173905
2018;Human-computer interaction, privacy-preserving interactive record linkage, information privacy;https://doi.org/10.1145/3173574.3173900
2018;Internet of Things, IoT, makers, making, policy, innovation, regional advantage, Taiwan, Asia;https://doi.org/10.1145/3173574.3173899
2018;gamification, points, badges, self-testing, PeerWise;https://doi.org/10.1145/3173574.3173885
2018;Choice overload, cost-benefit, demand, economics, features, feature economics, revealed preference, user interface;https://doi.org/10.1145/3173574.3173879
2018;Data-enabled Design, Healthcare Professionals, Babies, Parents, Health, Data, Exploration, Personal Informatics;https://doi.org/10.1145/3173574.3173871
2018;crowd-powered system, crowdsourcing, real-time crowdsourcing, conversational assistant, chatbot;https://doi.org/10.1145/3173574.3173869
2018;Computer-mediated communication, virtual reality, embodiment, social presence;https://doi.org/10.1145/3173574.3173863
2018;Public Displays, User Representations, Multiple Users;https://doi.org/10.1145/3173574.3173861
2018;Algorithms, algorithmic experience, social media, user- centered design, research through design;https://doi.org/10.1145/3173574.3173860
2018;Remote collaboration, collaborative physical tasks, physical telepresence, object-focused collaboration, CSCW;https://doi.org/10.1145/3173574.3173855
2018;HCI theory, existentialism, givens of existence, experimental existential psychology, End-of-Life studies, authenticity, identity, immortality project;https://doi.org/10.1145/3173574.3173844
2018;Privacy, mobile permissions, access control, user study;https://doi.org/10.1145/3173574.3173842
2018;Educational Programming Game, Tangibles, Embodied Interaction, Physical Embodiment, Collaborative Play;https://doi.org/10.1145/3173574.3173840
2018;Children, media use, interaction design & children, parental mediation, preschoolers, child-computer interaction, parental controls, auto-play, post-play;https://doi.org/10.1145/3173574.3173828
2018;Automated driving, motion simulator, motion cueing, take-over requests;https://doi.org/10.1145/3173574.3173820
2018;mid-air gestures, freehand gestures, large displays, pointing;https://doi.org/10.1145/3173574.3173819
2018;Stigmatized Crowdfunding Campaigns, Social Support, Biased assimilation, Shaping Opinions;https://doi.org/10.1145/3173574.3173816
2018;Entrepreneurship, Social-Technical Gap, Lean Economies;https://doi.org/10.1145/3173574.3173814
2018;AAC, children, multimodal communication, accessibility, design;https://doi.org/10.1145/3173574.3173801
2018;Film, sensor-based productions, production roles, ambient sensing, metadata, IoT;https://doi.org/10.1145/3173574.3173780
2018;Handwriting, Digital Ink, Stylus-based Interfaces, Deep Learning, Recurrent Neural Networks;https://doi.org/10.1145/3173574.3173779
2018;cooperation, competition, distributed cognition, situated cognition, boardgames, players, CSCW, Human-Computer interaction, games, play, articulation work;https://doi.org/10.1145/3173574.3173767
2018;3D printing, digital fabrication, capacitive sensing, metamaterial, mechanism, input, sensors,;https://doi.org/10.1145/3173574.3173756
2018;Smartwatch, text entry, one-handed input;https://doi.org/10.1145/3173574.3173755
2018;Design, Carpentry, Woodwork, Joinery, 3D printing, Hybrid, Digital Fabrication, Computer-Aided Design;https://doi.org/10.1145/3173574.3173741
2018;improvisation, art practice, creativity, collaboration;https://doi.org/10.1145/3173574.3173734
2018;Virtual Reality, Haptics, Illusion, Perception, Shape Displays;https://doi.org/10.1145/3173574.3173724
2018;Fabrication, Prototyping, Woodworking;https://doi.org/10.1145/3173574.3173723
2018;Uncertainty visualization, transit predictions, mobile interfaces, dotplots, cumulative distribution plots;https://doi.org/10.1145/3173574.3173718
2018;internet search, employment, job search, big data;https://doi.org/10.1145/3173574.3173696
2018;Tactile Drawing, Tactile Graphics, Drawing by Blind People, Two-dimensional Pin-matrix Device, Evaluation;https://doi.org/10.1145/3173574.3173689
2018;Museum, tangible interaction, mobile phone, comparison;https://doi.org/10.1145/3173574.3173686
2018;Teams, technical social computing, multi-armed bandits;https://doi.org/10.1145/3173574.3173682
2018;Digital Music, Metadata, Temporality, Interaction Design, Research through Design;https://doi.org/10.1145/3173574.3173678
2018;Material Speculation, Co-speculation, Postphenomenology;https://doi.org/10.1145/3173574.3173668
2018;Accessibility, Captioning, People who are Deaf or Hard-of-Hearing, Literacy, Evaluation Methods;https://doi.org/10.1145/3173574.3173665
2018;Virtual Reality, Haptics;https://doi.org/10.1145/3173574.3173660
2018;programming support, example sharing;https://doi.org/10.1145/3173574.3173659
2018;Sustainable Architecture, Human-Building Interaction, Visual Attributes of Space, Sustainability, Shared Offices;https://doi.org/10.1145/3173574.3173649
2018;Tumblr, shoplifting, teens, social media, problem solving, research through design, design fiction;https://doi.org/10.1145/3173574.3173646
2018;Interaction Proxemics, Interactive Interior, Healthcare, Sensitive Contexts, design in the wild;https://doi.org/10.1145/3173574.3173642
2018;feedback, critique, creativity, educational technology;https://doi.org/10.1145/3173574.3173629
2018;Farmers, mobile phones, rural farming, farming technologies;https://doi.org/10.1145/3173574.3173613
2018;Geospatial visualization, text visualization, typographic map, context preservation, multi-scale analysis;https://doi.org/10.1145/3173574.3173611
2018;Computational notebook, Jupyter Notebook, data science, data analysis, narrative;https://doi.org/10.1145/3173574.3173606
2018;Cross-device interaction, visual analysis, data exploration, multi-display environment, large display, smartwatch;https://doi.org/10.1145/3173574.3173593
2018;Systematic Review, Vulnerable Populations, Race, Ethnicity, Socioeconomic Status, mHealth, Minority;https://doi.org/10.1145/3173574.3173589
2018;Sustainability, desirability, smart homes, energy consumption, domestic, desiderata;https://doi.org/10.1145/3173574.3173578
2017;Human-Building Interaction, HCI in Architecture, Post-Occupancy Evaluation, Participatory Data Analysis;https://doi.org/10.1145/3025453.3026055
2017;smoking cessation, health behavior change, engagement, qualitative research;https://doi.org/10.1145/3025453.3026054
2017;Tangible user interfaces, dyslexia, children, embedded interaction, reading acquisition, mixed-methods;https://doi.org/10.1145/3025453.3026048
2017;Games, Player Experience, Failure, Challenge, Avatar Death, Enjoyment;https://doi.org/10.1145/3025453.3026047
2017;In-motion, In-car, Automobile, Autonomous Car, Passenger, Virtual Reality, Mixed Reality, Motion Sickness, HMD;https://doi.org/10.1145/3025453.3026046
2017;Bidirectional gaze, gaze coordination, interactive gaze, dyadic gaze, joint attention, embodied agents, verbal referencing;https://doi.org/10.1145/3025453.3026033
2017;relational termination, unfriending, investment model, social network websites, narcissism;https://doi.org/10.1145/3025453.3026026
2017;Avatars, Affordances, Identity, Interface, User Experience;https://doi.org/10.1145/3025453.3026020
2017;Autism, social skills, self-monitoring, proximity, wearable computing, children, parallel design;https://doi.org/10.1145/3025453.3026014
2017;Gesture Recognition, Dynamic Time Warping, Rapid Prototyping, Gesture Customization, User Evaluation;https://doi.org/10.1145/3025453.3026002
2017;Uncertainty, Aggregation, Multiple Sources, Comparison, Weather Forecast;https://doi.org/10.1145/3025453.3025998
2017;Authentication, usable security, socially-inclusive authentication, HCI, social cybersecurity, sensors;https://doi.org/10.1145/3025453.3025991
2017;Mobile Haptics, Tactile Display, Dynamic Affordance, Magnetically-actuated Buttons;https://doi.org/10.1145/3025453.3025988
2017;Flood risk, Design, Human-centered computing, Public engagement, Science and technology studies;https://doi.org/10.1145/3025453.3025983
2017;Design, Interfaces, Information, Visualisation, Data, Interaction, Concept Maps, Knowledge, Organisation;https://doi.org/10.1145/3025453.3025977
2017;Maker cultures, hackerspaces, making, Culture and Creative Industries, policy, creativity support, critical computing, East Asia, Taiwan, social innovation;https://doi.org/10.1145/3025453.3025975
2017;Crowd work, gig work, on–demand work, piecework;https://doi.org/10.1145/3025453.3025974
2017;ReTool, Crowdsourcing, Workflow, Freeform Interactive Microtasks, Programming by Demonstration;https://doi.org/10.1145/3025453.3025969
2017;Digital Civics, Participatory Design, Publics, Community Engagement;https://doi.org/10.1145/3025453.3025963
2017;Taboo Topics, Education, HIV, AIDS, India, HCI4D;https://doi.org/10.1145/3025453.3025958
2017;Mail Merge, Email Overload, Valet Crowdsourcing;https://doi.org/10.1145/3025453.3025954
2017;older adults, learning programming, computational literacy;https://doi.org/10.1145/3025453.3025945
2017;Self-harm, mental health and wellbeing, hackathons;https://doi.org/10.1145/3025453.3025931
2017;Crowdsourcing, mobile crowdsourcing, situational effect, worker performance;https://doi.org/10.1145/3025453.3025917
2017;blind, accessibility, photographs, object recognition, computer vision;https://doi.org/10.1145/3025453.3025899
2017;Digital Civics, Interactive Performance, Social Participation, Qualitative Studies, Mobile Technology;https://doi.org/10.1145/3025453.3025897
2017;Crisis Informatics, decision-making, information seeking, online forums, risk assessment, social media, uncertainty reduction, public health, Zika virus;https://doi.org/10.1145/3025453.3025891
2017;Pressure input, tangible interaction, TUI, 3D navigation;https://doi.org/10.1145/3025453.3025890
2017;Logistics, e-commerce, infrastructure, ethnography, postcolonial computing, ICTD;https://doi.org/10.1145/3025453.3025889
2017;visualization literacy, qualitative analysis;https://doi.org/10.1145/3025453.3025877
2017;image vectorization, user interaction, image analysis;https://doi.org/10.1145/3025453.3025872
2017;visualization, sequence, transition, model, automated design;https://doi.org/10.1145/3025453.3025866
2017;Citizen science, sustainable HCI, adversarial design, participatory design, community engagement, data visualization, air quality;https://doi.org/10.1145/3025453.3025853
2017;Children, Autism, Participatory Evaluation;https://doi.org/10.1145/3025453.3025851
2017;data science, learning, computers and children, creativity support tools, social computing and social navigation, block-based programming;https://doi.org/10.1145/3025453.3025847
2017;Texture Perception, Haptic Feedback, Magnitude Estimation;https://doi.org/10.1145/3025453.3025812
2017;Personal Informatics, data sharing, social sensemaking;https://doi.org/10.1145/3025453.3025804
2017;Cultural Heritage, Seasonality, Location-Based Interaction, Mixed Reality, Outdoor Heritage Site, Open-Air Museum;https://doi.org/10.1145/3025453.3025803
2017;Education and Training, Optics, Augmented Reality, Simulation, Michelson interferometer;https://doi.org/10.1145/3025453.3025789
2017;Participatory Design, Co-design, Cooperative Inquiry, Children, Design Methods, Youth;https://doi.org/10.1145/3025453.3025787
2017;Experience, Co-Design Evaluation, Autism, Children;https://doi.org/10.1145/3025453.3025785
2017;In-air feedback, Electric discharge, High voltage resonant transformer, Hover input, Infrared proximity sensor;https://doi.org/10.1145/3025453.3025782
2017;Visual Question Answering, Machine Learning, Crowdsourcing;https://doi.org/10.1145/3025453.3025781
2017;Similarity, temporal event analytics, temporal visualization, decision making, visual analytics;https://doi.org/10.1145/3025453.3025777
2017;Intersectional HCI, gender, ethnicity, race, class, socio- economic status, intersectionality, identity;https://doi.org/10.1145/3025453.3025766
2017;Mixed Reality, Tangible Interaction, Spatial Augmented Reality, Virtual Reality, Calm Technologies, Mindfulness;https://doi.org/10.1145/3025453.3025743
2017;uncertainty, data analysis, data science, qualitative study;https://doi.org/10.1145/3025453.3025738
2017;Dementia, dementia care, community information systems, community commissioning, mobile applications;https://doi.org/10.1145/3025453.3025732
2017;Cuba, internet, WiFi, place, HCI4D, social computing;https://doi.org/10.1145/3025453.3025728
2017;Tetris, Perceived Difficulty, Fun, User Study;https://doi.org/10.1145/3025453.3025721
2017;Error cost, speed-accuracy tradeoff, typing speed;https://doi.org/10.1145/3025453.3025695
2017;Electric field sensing, body potential sensing, facial expression control, wearable computing, hands-/eyes-free;https://doi.org/10.1145/3025453.3025692
2017;Exertion, games, exertion games, health, obesity;https://doi.org/10.1145/3025453.3025691
2017;Motion Direction Recognition, Wireless Sensing, Off-the-shelf Wi-Fi, Exergame;https://doi.org/10.1145/3025453.3025678
2017;Virtual reality, video editing;https://doi.org/10.1145/3025453.3025675
2017;Time expressions, virtual assistants, uncertainty management;https://doi.org/10.1145/3025453.3025674
2017;Concrete, Interactive Timepiece, Schedule, Ambient;https://doi.org/10.1145/3025453.3025670
2017;electronic whiteboard, pen + touch, bimanual input, toolglass;https://doi.org/10.1145/3025453.3025664
2017;Interruption cost, knowledge worker, awareness, physical indicator, automatic interruptibility measure, field study;https://doi.org/10.1145/3025453.3025662
2017;Informal markets, infrastructure, HCI4D, development, Telephone, Intercom;https://doi.org/10.1145/3025453.3025643
2017;HCI4D, Crowdsourcing, Speech, Transcription, India;https://doi.org/10.1145/3025453.3025640
2017;Learning, Education, Games, Intrinsic Motivation, Challenge, Difficulty, Novelty, Suspense, Theory, Experiments, Flow, Near Win, A/B testing;https://doi.org/10.1145/3025453.3025638
2017;Workplace Studies, Work Practice, Technologies in the Workplace, Low-Wage Workers, Precarious workers, Wage Theft, Wage and Hourly Violations, Wage Disputes, Labor;https://doi.org/10.1145/3025453.3025633
2017;End-User Programming, Version Control Systems (VCS), Exploratory Data Analysis, Variants, Variations;https://doi.org/10.1145/3025453.3025626
2017;Community Health Workers, Lesotho, Mobile Health Video, Consumption Patterns, Understanding Users;https://doi.org/10.1145/3025453.3025616
2017;Research products, second screens, television, politics, political discourse, social media;https://doi.org/10.1145/3025453.3025611
2017;AAC, accessibility, ALS, awareness displays, conversational awareness, conversational flow, emotion expression, nonverbal communication, disability;https://doi.org/10.1145/3025453.3025610
2017;GenderMag, Gender, Stereotypes, Personas, Lab study;https://doi.org/10.1145/3025453.3025609
2017;virtual reality, presence, uncanny valley, immersion, avatars;https://doi.org/10.1145/3025453.3025602
2017;Eye tracking, gaze filters, sensor noise, adaptive interfaces;https://doi.org/10.1145/3025453.3025599
2017;cognitive modeling, visual search, eye movements, Markov Decision Process, reinforcement learning, decision making;https://doi.org/10.1145/3025453.3025596
2017;Digital mindfulness, design, presence, interaction, wellbeing, attention, awareness, being, research through design, aesthetics;https://doi.org/10.1145/3025453.3025590
2017;Sharing, dementia, agency, art therapy;https://doi.org/10.1145/3025453.3025586
2017;latency, direct-touch, learning, training, tracking task, user performances;https://doi.org/10.1145/3025453.3025585
2017;public policy, environmental public policy, sustainable HCI, climate change, government;https://doi.org/10.1145/3025453.3025579
2017;Eye-tracking, collaboration, pair programming;https://doi.org/10.1145/3025453.3025573
2017;Consumer-to-consumer, e-commerce, online communities, community commerce, trust, Facebook;https://doi.org/10.1145/3025453.3025550
2017;Video chat, self-awareness, feedback, gender, CMC, CSCW;https://doi.org/10.1145/3025453.3025548
2017;focus groups, remote populations, maternal health, social support, Facebook Groups;https://doi.org/10.1145/3025453.3025546
2017;Sustainable computing, Sustainable HCI, Sustainability, Complexity, Disintermediation;https://doi.org/10.1145/3025453.3025542
2017;cross-device interaction, group work, information visualization, multiple coordinated views, tablets;https://doi.org/10.1145/3025453.3025537
2017;ICTD, HCI4D, CHW, ASHA, community health, mHealth;https://doi.org/10.1145/3025453.3025514
2017;Information Visualization for the People, Anthropographics, Empathy, Prosocial Behavior, Human Rights;https://doi.org/10.1145/3025453.3025512
2017;Self-Tracking, Health and Wellness Program, Workplace;https://doi.org/10.1145/3025453.3025510
2017;Design Methods, Speculative Design, Data-Driven Life, Design Fiction, Critical Futures, Research through Design;https://doi.org/10.1145/3025453.3025503
2017;Touch Gestures, GUI Framework, Probabilistic Modelling;https://doi.org/10.1145/3025453.3025502
2017;Digital fabrication, Machine Building, CNC, CAD/CAM, Cardboard, Prototyping;https://doi.org/10.1145/3025453.3025491
2017;Solidarity economy, social movements, digital civics;https://doi.org/10.1145/3025453.3025490
2017;Programming by demonstration, smartphone automation, end-user development;https://doi.org/10.1145/3025453.3025483
2017;Camouflaging devices, subtle notifications, mobiles;https://doi.org/10.1145/3025453.3025482
2017;Making, Media, DIY, Africa, Hacking, Hip-Hop;https://doi.org/10.1145/3025453.3025481
2017;Self-Tracking, Self-Experimentation, Irritable Bowel Syndrome, Personal Informatics, Symptom Triggers, Food;https://doi.org/10.1145/3025453.3025480
2017;depth camera, Kinect, latency, frame rate, configurable;https://doi.org/10.1145/3025453.3025478
2017;Thermal Imaging, Mobile Authentication, TouchScreens;https://doi.org/10.1145/3025453.3025461
2016;Gestures, gesture recognition, usability, touch, finger tracking, hand tracking;https://doi.org/10.1145/2858036.2858589
2016;Somaesthetic design, body awareness, strong concept;https://doi.org/10.1145/2858036.2858583
2016;Around device interaction, Finger tracking, Active sonar, Mobile sensing;https://doi.org/10.1145/2858036.2858580
2016;Citizen science, participatory design, crowd science, civic science, participation;https://doi.org/10.1145/2858036.2858575
2016;Inverse Reinforcement Learning, Markov Decision Process;https://doi.org/10.1145/2858036.2858557
2016;Visual complexity, visual saliency, mobile apps, app icon quality, consumer choice, computational methods;https://doi.org/10.1145/2858036.2858552
2016;search, public library, tangible interfaces, multi-display environment, in-situ study;https://doi.org/10.1145/2858036.2858549
2016;User behavior, perceptions of security, passwords, authentication, users’ folk models, usable security;https://doi.org/10.1145/2858036.2858546
2016;Text entry, one-dimensional input, unistroke gestures;https://doi.org/10.1145/2858036.2858542
2016;Synergistic Interaction, Programmable Joints Interface;https://doi.org/10.1145/2858036.2858538
2016;information extraction, fiction, crowdsourcing, data mining;https://doi.org/10.1145/2858036.2858528
2016;Information policy, participatory policymaking, value sensitive design, social media, online communities;https://doi.org/10.1145/2858036.2858516
2016;Making, maker movement, DIY, innovation, neoliberalism, capitalism, utopianism, policy, HCI, China, Taiwan;https://doi.org/10.1145/2858036.2858506
2016;Computer-mediated communication, Social Media, Information Sharing, Social Participation, Engagement, User Behavior;https://doi.org/10.1145/2858036.2858501
2016;Dynamic network, egocentric network, graph visualization;https://doi.org/10.1145/2858036.2858488
2016;Fabrication, Augmentation, Physical Interface, Reverse Engineering;https://doi.org/10.1145/2858036.2858485
2016;Gaze input, eye tracking, multimodal interaction, uncertain input, interaction techniques, interactive surface;https://doi.org/10.1145/2858036.2858480
2016;Visual attention, saliency, interactive environment, graphical user interfaces, physical action, spatio-temporal modeling;https://doi.org/10.1145/2858036.2858479
2016;Digital craft, performance, digital fabrication, research-through-design, design inquiry, mimesis;https://doi.org/10.1145/2858036.2858475
2016;Replication, meta-analysis, Bayesian statistics, small stud- ies, effect size, estimation;https://doi.org/10.1145/2858036.2858465
2016;transparent displays, awareness, dual-task performance;https://doi.org/10.1145/2858036.2858453
2016;Human-computer interaction, sports, climbing, movement-based games, exertion interfaces, augmented reality;https://doi.org/10.1145/2858036.2858450
2016;Quantified self, clinical decision making, self-tracking;https://doi.org/10.1145/2858036.2858445
2016;smart city, open data, big data, crowdsourced data;https://doi.org/10.1145/2858036.2858434
2016;Public Displays, Whole Body Interaction, User Representation, Gestural Interaction, Natural User Interfaces;https://doi.org/10.1145/2858036.2858427
2016;Infrastructure, oceanography, sustainability, breakdown, scaling down, repair, breaking down, collaboration;https://doi.org/10.1145/2858036.2858420
2016;Peak-end theory, player experience, game design;https://doi.org/10.1145/2858036.2858419
2016;Lifelogging, wearable cameras, privacy, computer vision, deep learning, convolutional neural networks;https://doi.org/10.1145/2858036.2858417
2016;Computer Supported Cooperative Work (CSCW), World Wide Web and Hypermedia, Database access / Information Retrieval, Empirical Methods, Quantitative;https://doi.org/10.1145/2858036.2858411
2016;accessibility, human-centered design, fan fiction, feminist hci, online communities, social norms, values in design;https://doi.org/10.1145/2858036.2858409
2016;Health sensing, spirometry, mobile phone sensing, signal processing, machine learning;https://doi.org/10.1145/2858036.2858401
2016;Usable Security, Secure Email, User Study, Paired Participants;https://doi.org/10.1145/2858036.2858400
2016;Friendsourcing, Extrinsic Rewards, Monetary Rewards, Non-monetary Rewards, Social Network, Relationship;https://doi.org/10.1145/2858036.2858396
2016;Games, play, video games, motivation, autonomy, context, gamification, self-determination theory;https://doi.org/10.1145/2858036.2858395
2016;Workplace studies, ethnography, P2P technology, auto- rickshaws, peer services, peer economy, ridesharing, ICTD;https://doi.org/10.1145/2858036.2858393
2016;collective action, sabotage, online platforms, participatory hypothesis testing, reddit, blackout, social factors;https://doi.org/10.1145/2858036.2858391
2016;Computational journalism, online comments, asynchronous collaboration;https://doi.org/10.1145/2858036.2858389
2016;Privacy, social media, privacy paradox, trust, social awareness;https://doi.org/10.1145/2858036.2858381
2016;Clinical Decision Support Systems, Decision Support Tools, Field Study, Qualitative Methods, Service Design;https://doi.org/10.1145/2858036.2858373
2016;information synthesis, crowdsourcing, crowd work, complex workflow, design patterns;https://doi.org/10.1145/2858036.2858364
2016;Online learning, Explanation, Prompts, MOOCs;https://doi.org/10.1145/2858036.2858361
2016;Instant Messaging, Mobile Phones, Communication, Mobile Instant Messaging;https://doi.org/10.1145/2858036.2858347
2016;LGBT, parents, families, advocacy, privacy, social media;https://doi.org/10.1145/2858036.2858342
2016;Internet of Things, Digital Record, Physical Artefact, Guitar, Music, Technology Probe, Provenance, Archiving, Augmented Reality, Tangible and Embedded Interaction;https://doi.org/10.1145/2858036.2858306
2016;Children, screen time, mediation, non-use;https://doi.org/10.1145/2858036.2858278
2016;GenderMag, gender, usability, field study;https://doi.org/10.1145/2858036.2858274
2016;Smartphone security, lock screen, multi-national survey;https://doi.org/10.1145/2858036.2858273
2016;Location data, data representations, empirical study, privacy;https://doi.org/10.1145/2858036.2858272
2016;Smartphone, security, Android, lock screen, field study, usability;https://doi.org/10.1145/2858036.2858267
2016;Security behavior, measurement, user studies;https://doi.org/10.1145/2858036.2858265
2016;Autobiographical design, Maker, making, lived-with, DIY, everyday design, IoT, Smart home;https://doi.org/10.1145/2858036.2858261
2016;Caregiving, social computing, vulnerable populations;https://doi.org/10.1145/2858036.2858260
2016;Physiology, photoplethysmography, heart rate, breathing rate, heart rate variability, cognitive stress, remote, camera;https://doi.org/10.1145/2858036.2858247
2016;Sensory substitution, vision, depth, colour, hearing, sound, blind, visually impaired, experience, design, SSD;https://doi.org/10.1145/2858036.2858241
2016;Microtasks, crowdsourcing, selfsourcing;https://doi.org/10.1145/2858036.2858237
2016;capacitive, hover, tremor, phase synchronisation;https://doi.org/10.1145/2858036.2858235
2016;Emotion, Player Experience, Enjoyment, Appreciation;https://doi.org/10.1145/2858036.2858227
2016;Augmented reality, virtual reality, wide field-of-view, sparse peripheral display, peripheral vision;https://doi.org/10.1145/2858036.2858212
2016;social media, suicidal ideation, mental health, Reddit;https://doi.org/10.1145/2858036.2858207
2016;3D printing, 3D modeling, prototyping, fabrication, tangible interaction, shape change, printed electronics;https://doi.org/10.1145/2858036.2858191
2016;Women’s Health, women’s experiences, intimate care, observational study, disruption, taboo, feminist HCI, incontinence, pelvic exercise, wellbeing;https://doi.org/10.1145/2858036.2858187
2016;Umbrella movement, social media, social movement, undercurrents, discursive fields;https://doi.org/10.1145/2858036.2858186
2016;Human proxies, telepresence, video streaming, classrooms;https://doi.org/10.1145/2858036.2858184
2016;Personal Data, Quantified Self, Lived Informatics, Dating;https://doi.org/10.1145/2858036.2858173
2016;Tactile displays, Direct Manipulation, Wrist, Wearables;https://doi.org/10.1145/2858036.2858161
2016;Children, attention deficit hyperactivity disorder, ADHD, sleep, mobile, assistive technology, mental health, routines, behavior change;https://doi.org/10.1145/2858036.2858157
2016;Aim assistance, FPS games, game balancing, Fitts’s Law, disclosure, multiplayer games, skill gap, social play;https://doi.org/10.1145/2858036.2858156
2016;Information Visualization, Human Perception Modeling, Quality Measures, Plot Similarity;https://doi.org/10.1145/2858036.2858155
2016;Accessible transport, disability, activism, evidence, participation;https://doi.org/10.1145/2858036.2858146
2016;Motivation, Crowdsourcing, Curiosity;https://doi.org/10.1145/2858036.2858144
2016;Lapse management, behavior change, cheat points, tracking, field study;https://doi.org/10.1145/2858036.2858142
2016;Mimesis Effect, Roles, Player Choice, Interactive Narrative, Role-Playing, RPGs, Games, Role-Playing Games, Player Actions, Computer Games, Narrative Role;https://doi.org/10.1145/2858036.2858141
2016;Social network sites, identity transitions, life transitions, digital footprints, digital artifacts, networks, online identity, transgender, LGBTQ;https://doi.org/10.1145/2858036.2858136
2016;BCI, Neuroergonomics, Icon Evaluation, Semantic Distance;https://doi.org/10.1145/2858036.2858133
2016;customization, settings, contextual interaction;https://doi.org/10.1145/2858036.2858129
2016;Health technology, CCBT, mental health, user experience;https://doi.org/10.1145/2858036.2858128
2016;Hearing aid fitting, Interactive tabletops, Patient participation, Simulated listening environments;https://doi.org/10.1145/2858036.2858126
2016;Magnetic field, fingertips, tracking, 3D space, wearable, localization, electromagnet, real-time;https://doi.org/10.1145/2858036.2858125
2016;Inclusive play, play, inclusion, children, neurodiversity, child-computer interaction, universal design, inclusive design;https://doi.org/10.1145/2858036.2858114
2016;Rendered Material Properties, Shape Changing Interface, Physics Simulation, Pin-based Shape Display;https://doi.org/10.1145/2858036.2858104
2016;Coordination, video, community, film, cinematography, media;https://doi.org/10.1145/2858036.2858102
2016;Situated displays, civic technology, civic engagement, voting, ethnography;https://doi.org/10.1145/2858036.2858098
2016;Deformable devices, continuous control, mobiles, tangiblity, shape-changing;https://doi.org/10.1145/2858036.2858097
2016;Finger tracking, waveguide, smartwatch, on-body interac- tion, around-device interaction, ADI;https://doi.org/10.1145/2858036.2858082
2016;HCI4D, ICTD, low-resource, developing world, literature survey, review, underserved communities;https://doi.org/10.1145/2858036.2858081
2016;Stereoscopic 3D, Dynamic Stereo Parameters, Eye Tracking, Depth Judgment, , Visual Fatigue, User Study, Video Games, User Experience, HCI;https://doi.org/10.1145/2858036.2858078
2016;Domestic Memorialization, Thanatosensitive Design, Techno-Spirituality, Research through Design;https://doi.org/10.1145/2858036.2858069
2016;Physical Visualization, Ambient Display, End-User Programming, Human-Data design, Internet of Things (IoT);https://doi.org/10.1145/2858036.2858059
2016;Alternative distribution, zine, feminism, design research;https://doi.org/10.1145/2858036.2858054
2016;Text entry, wearable, smartwatch, finger identification;https://doi.org/10.1145/2858036.2858052
2016;children, autism, participatory design, research through design, annotated portfolios;https://doi.org/10.1145/2858036.2858050
2016;Tangible interaction, Multi-Touch input;https://doi.org/10.1145/2858036.2858041